fold,cutoff,series_id,model,sMAPE,MAE,RMSE,sMAPE_baseline,MAE_baseline,RMSE_baseline
1,2023-12-04,S001_P0001,TimesFM,tensor(45.7238),tensor(91.9509),tensor(111.4195),tensor(56.8748),tensor(137.7551),tensor(168.8453)
1,2023-12-04,S001_P0002,TimesFM,tensor(55.1935),tensor(135.8177),tensor(148.6426),tensor(53.6267),tensor(135.5510),tensor(159.8206)
1,2023-12-04,S001_P0003,TimesFM,tensor(62.6682),tensor(178.0079),tensor(181.8371),tensor(56.3698),tensor(161.4286),tensor(171.8388)
1,2023-12-04,S001_P0004,TimesFM,tensor(39.6115),tensor(112.4803),tensor(126.8274),tensor(53.5145),tensor(147.0408),tensor(169.9799)
1,2023-12-04,S001_P0005,TimesFM,tensor(36.0328),tensor(90.9399),tensor(111.0892),tensor(37.2383),tensor(94.3061),tensor(110.0678)
1,2023-12-04,S001_P0006,TimesFM,tensor(27.1593),tensor(70.6400),tensor(97.1737),tensor(27.8316),tensor(72.7143),tensor(99.1874)
1,2023-12-04,S001_P0007,TimesFM,tensor(28.7885),tensor(92.1339),tensor(124.6290),tensor(27.6022),tensor(89.0612),tensor(121.8346)
1,2023-12-04,S001_P0008,TimesFM,tensor(73.3596),tensor(149.2481),tensor(159.6570),tensor(71.7067),tensor(139.4082),tensor(159.3498)
1,2023-12-04,S001_P0009,TimesFM,tensor(40.9244),tensor(90.6303),tensor(109.4356),tensor(40.3446),tensor(88.8163),tensor(106.8163)
1,2023-12-04,S001_P0010,TimesFM,tensor(56.4660),tensor(137.1336),tensor(154.1209),tensor(56.6745),tensor(143.3469),tensor(165.7552)
1,2023-12-04,S001_P0011,TimesFM,tensor(40.2952),tensor(105.9070),tensor(127.9556),tensor(40.8640),tensor(107.2041),tensor(131.4536)
1,2023-12-04,S001_P0012,TimesFM,tensor(45.9324),tensor(101.5489),tensor(117.7089),tensor(35.9486),tensor(74.0612),tensor(103.8540)
1,2023-12-04,S001_P0013,TimesFM,tensor(40.5375),tensor(96.7046),tensor(109.1423),tensor(39.5121),tensor(93.4490),tensor(108.9813)
1,2023-12-04,S001_P0014,TimesFM,tensor(50.5365),tensor(119.5708),tensor(131.1561),tensor(50.6999),tensor(119.8163),tensor(131.4181)
1,2023-12-04,S001_P0015,TimesFM,tensor(52.2811),tensor(105.7588),tensor(131.4164),tensor(62.2797),tensor(143.0816),tensor(164.1483)
1,2023-12-04,S001_P0016,TimesFM,tensor(17.8756),tensor(56.9169),tensor(77.3058),tensor(46.8005),tensor(125.4286),tensor(138.7732)
1,2023-12-04,S001_P0017,TimesFM,tensor(43.8790),tensor(104.4755),tensor(122.5822),tensor(42.2118),tensor(98.2653),tensor(110.0053)
1,2023-12-04,S001_P0018,TimesFM,tensor(68.1302),tensor(164.4712),tensor(178.5411),tensor(72.0307),tensor(172.3673),tensor(187.6552)
1,2023-12-04,S001_P0019,TimesFM,tensor(32.4181),tensor(91.2764),tensor(109.3477),tensor(33.8782),tensor(95.3061),tensor(113.2076)
1,2023-12-04,S001_P0020,TimesFM,tensor(49.4469),tensor(116.6502),tensor(132.0324),tensor(48.4076),tensor(113.5102),tensor(135.4765)
1,2023-12-04,S002_P0001,TimesFM,tensor(19.8406),tensor(52.3547),tensor(67.6400),tensor(17.9922),tensor(47.0408),tensor(61.2840)
1,2023-12-04,S002_P0002,TimesFM,tensor(46.0855),tensor(106.1096),tensor(116.6713),tensor(36.9878),tensor(86.8980),tensor(124.8491)
1,2023-12-04,S002_P0003,TimesFM,tensor(36.7962),tensor(115.2268),tensor(135.9204),tensor(34.8775),tensor(109.7755),tensor(127.2700)
1,2023-12-04,S002_P0004,TimesFM,tensor(35.4637),tensor(102.2909),tensor(128.9490),tensor(69.5195),tensor(169.1429),tensor(196.6485)
1,2023-12-04,S002_P0005,TimesFM,tensor(45.4518),tensor(90.2890),tensor(115.2663),tensor(54.7072),tensor(125.3469),tensor(157.4361)
1,2023-12-04,S002_P0006,TimesFM,tensor(52.7214),tensor(133.9168),tensor(145.4331),tensor(60.6033),tensor(151.4694),tensor(176.0083)
1,2023-12-04,S002_P0007,TimesFM,tensor(33.5288),tensor(76.9350),tensor(97.9207),tensor(37.3411),tensor(84.3061),tensor(92.6854)
1,2023-12-04,S002_P0008,TimesFM,tensor(44.7148),tensor(105.9454),tensor(133.5265),tensor(47.7447),tensor(127.5714),tensor(164.0475)
1,2023-12-04,S002_P0009,TimesFM,tensor(44.2480),tensor(119.7093),tensor(145.8082),tensor(43.0373),tensor(117.2857),tensor(140.9463)
1,2023-12-04,S002_P0010,TimesFM,tensor(34.4130),tensor(95.7689),tensor(107.9136),tensor(36.1597),tensor(101.0408),tensor(107.4068)
1,2023-12-04,S002_P0011,TimesFM,tensor(59.3320),tensor(136.6711),tensor(147.1240),tensor(59.1395),tensor(135.1633),tensor(148.7560)
1,2023-12-04,S002_P0012,TimesFM,tensor(35.6544),tensor(113.2056),tensor(129.3682),tensor(33.7208),tensor(107.6123),tensor(124.1567)
1,2023-12-04,S002_P0013,TimesFM,tensor(40.1800),tensor(117.3877),tensor(141.6414),tensor(38.8095),tensor(113.7347),tensor(132.8626)
1,2023-12-04,S002_P0014,TimesFM,tensor(89.1633),tensor(168.0007),tensor(182.9361),tensor(61.1728),tensor(80.5714),tensor(94.2186)
1,2023-12-04,S002_P0015,TimesFM,tensor(28.8708),tensor(75.9473),tensor(87.7783),tensor(27.9832),tensor(73.5918),tensor(86.7365)
1,2023-12-04,S002_P0016,TimesFM,tensor(43.1532),tensor(105.0730),tensor(121.5055),tensor(38.5702),tensor(89.2857),tensor(105.3559)
1,2023-12-04,S002_P0017,TimesFM,tensor(47.8547),tensor(110.6790),tensor(128.8197),tensor(47.5691),tensor(109.9388),tensor(129.1189)
1,2023-12-04,S002_P0018,TimesFM,tensor(42.5429),tensor(98.6075),tensor(112.1022),tensor(47.8779),tensor(116.2245),tensor(129.6229)
1,2023-12-04,S002_P0019,TimesFM,tensor(44.7951),tensor(119.0338),tensor(145.6591),tensor(45.9844),tensor(124.4490),tensor(145.5491)
1,2023-12-04,S002_P0020,TimesFM,tensor(40.4581),tensor(83.5511),tensor(101.5338),tensor(40.2922),tensor(83.1429),tensor(101.1675)
1,2023-12-04,S003_P0001,TimesFM,tensor(28.2950),tensor(74.3389),tensor(84.4246),tensor(27.5837),tensor(72.9796),tensor(88.0832)
1,2023-12-04,S003_P0002,TimesFM,tensor(39.2777),tensor(101.4910),tensor(123.5338),tensor(45.5620),tensor(136.9184),tensor(172.5302)
1,2023-12-04,S003_P0003,TimesFM,tensor(35.5828),tensor(84.8656),tensor(96.4756),tensor(32.4831),tensor(78.2245),tensor(109.5670)
1,2023-12-04,S003_P0004,TimesFM,tensor(55.1507),tensor(131.0751),tensor(143.3156),tensor(52.4749),tensor(122.6939),tensor(138.9471)
1,2023-12-04,S003_P0005,TimesFM,tensor(34.1751),tensor(87.0021),tensor(95.2507),tensor(33.4171),tensor(84.8367),tensor(94.6164)
1,2023-12-04,S003_P0006,TimesFM,tensor(45.3456),tensor(119.0504),tensor(132.6637),tensor(42.7124),tensor(108.9796),tensor(140.0717)
1,2023-12-04,S003_P0007,TimesFM,tensor(24.4581),tensor(77.2553),tensor(97.6301),tensor(28.8657),tensor(95.8775),tensor(115.2369)
1,2023-12-04,S003_P0008,TimesFM,tensor(67.3472),tensor(152.4186),tensor(163.5547),tensor(74.1635),tensor(163.5714),tensor(177.3072)
1,2023-12-04,S003_P0009,TimesFM,tensor(63.5422),tensor(135.1488),tensor(151.3988),tensor(70.3290),tensor(168.0204),tensor(196.1469)
1,2023-12-04,S003_P0010,TimesFM,tensor(69.6107),tensor(161.6998),tensor(167.9735),tensor(73.9385),tensor(176.7347),tensor(181.0034)
1,2023-12-04,S003_P0011,TimesFM,tensor(43.3590),tensor(123.4670),tensor(139.6595),tensor(43.0640),tensor(122.9184),tensor(138.3025)
1,2023-12-04,S003_P0012,TimesFM,tensor(42.8720),tensor(117.9509),tensor(132.3840),tensor(38.8660),tensor(108.0612),tensor(127.3548)
1,2023-12-04,S003_P0013,TimesFM,tensor(51.7114),tensor(117.8883),tensor(132.2098),tensor(44.5835),tensor(98.6531),tensor(125.8910)
1,2023-12-04,S003_P0014,TimesFM,tensor(39.4656),tensor(99.0107),tensor(119.5512),tensor(35.7757),tensor(88.8980),tensor(116.5840)
1,2023-12-04,S003_P0015,TimesFM,tensor(28.2975),tensor(68.5406),tensor(81.1587),tensor(28.0149),tensor(67.3061),tensor(80.8236)
1,2023-12-04,S003_P0016,TimesFM,tensor(45.4426),tensor(111.0311),tensor(127.4535),tensor(48.3042),tensor(124.2653),tensor(144.4866)
1,2023-12-04,S003_P0017,TimesFM,tensor(48.3848),tensor(111.8628),tensor(133.7279),tensor(46.1573),tensor(103.0204),tensor(119.8061)
1,2023-12-04,S003_P0018,TimesFM,tensor(57.6620),tensor(131.2460),tensor(133.7098),tensor(61.7761),tensor(146.6123),tensor(153.3152)
1,2023-12-04,S003_P0019,TimesFM,tensor(50.7223),tensor(123.1107),tensor(136.6909),tensor(56.0485),tensor(142.7143),tensor(155.9821)
1,2023-12-04,S003_P0020,TimesFM,tensor(57.6225),tensor(138.8984),tensor(149.0233),tensor(58.2484),tensor(144.9592),tensor(160.2579)
1,2023-12-04,S004_P0001,TimesFM,tensor(60.4766),tensor(124.7225),tensor(139.7732),tensor(77.0074),tensor(189.0612),tensor(201.5958)
1,2023-12-04,S004_P0002,TimesFM,tensor(62.8069),tensor(139.7379),tensor(156.7648),tensor(62.3408),tensor(137.2041),tensor(156.2913)
1,2023-12-04,S004_P0003,TimesFM,tensor(70.7110),tensor(166.7636),tensor(171.3063),tensor(70.3974),tensor(166.6939),tensor(172.3758)
1,2023-12-04,S004_P0004,TimesFM,tensor(65.6194),tensor(137.1760),tensor(145.3127),tensor(61.2032),tensor(122.9184),tensor(131.7446)
1,2023-12-04,S004_P0005,TimesFM,tensor(51.1761),tensor(101.5501),tensor(122.5668),tensor(50.6335),tensor(99.1837),tensor(115.9278)
1,2023-12-04,S004_P0006,TimesFM,tensor(40.8424),tensor(88.4149),tensor(100.2188),tensor(31.4590),tensor(63.6327),tensor(79.4422)
1,2023-12-04,S004_P0007,TimesFM,tensor(43.7531),tensor(122.4870),tensor(138.8190),tensor(42.5025),tensor(119.3061),tensor(133.9546)
1,2023-12-04,S004_P0008,TimesFM,tensor(39.4297),tensor(101.7061),tensor(128.3719),tensor(38.6216),tensor(100.1429),tensor(126.2169)
1,2023-12-04,S004_P0009,TimesFM,tensor(44.7740),tensor(152.1275),tensor(159.7950),tensor(38.6575),tensor(134.1020),tensor(139.9359)
1,2023-12-04,S004_P0010,TimesFM,tensor(50.3248),tensor(118.4190),tensor(138.1644),tensor(53.7290),tensor(124.3673),tensor(144.9756)
1,2023-12-04,S004_P0011,TimesFM,tensor(57.5683),tensor(131.3020),tensor(140.4379),tensor(62.8705),tensor(159.5714),tensor(184.6901)
1,2023-12-04,S004_P0012,TimesFM,tensor(35.4547),tensor(97.7701),tensor(113.9539),tensor(31.3066),tensor(87.1633),tensor(118.2968)
1,2023-12-04,S004_P0013,TimesFM,tensor(38.6663),tensor(122.2682),tensor(151.7753),tensor(34.9544),tensor(112.3673),tensor(139.0912)
1,2023-12-04,S004_P0014,TimesFM,tensor(30.3706),tensor(101.2487),tensor(116.9974),tensor(28.7694),tensor(96.4694),tensor(110.3960)
1,2023-12-04,S004_P0015,TimesFM,tensor(27.0127),tensor(95.0185),tensor(106.3151),tensor(24.0268),tensor(85.8571),tensor(100.5307)
1,2023-12-04,S004_P0016,TimesFM,tensor(30.5529),tensor(89.2565),tensor(110.6102),tensor(39.9286),tensor(129.1429),tensor(151.2954)
1,2023-12-04,S004_P0017,TimesFM,tensor(53.9938),tensor(130.1561),tensor(152.5699),tensor(52.1512),tensor(125.1837),tensor(148.4174)
1,2023-12-04,S004_P0018,TimesFM,tensor(45.8965),tensor(118.0050),tensor(128.5654),tensor(68.3747),tensor(169.6327),tensor(188.8763)
1,2023-12-04,S004_P0019,TimesFM,tensor(32.2642),tensor(71.4868),tensor(83.0565),tensor(36.3522),tensor(76.1633),tensor(92.1713)
1,2023-12-04,S004_P0020,TimesFM,tensor(26.1576),tensor(59.1968),tensor(77.8278),tensor(26.3643),tensor(59.5510),tensor(76.7046)
1,2023-12-04,S005_P0001,TimesFM,tensor(80.5074),tensor(157.5296),tensor(165.7563),tensor(75.9648),tensor(138.8367),tensor(141.2960)
1,2023-12-04,S005_P0002,TimesFM,tensor(67.5982),tensor(133.7298),tensor(143.3028),tensor(67.0153),tensor(131.3673),tensor(139.9827)
1,2023-12-04,S005_P0003,TimesFM,tensor(42.7718),tensor(117.9027),tensor(123.7647),tensor(44.9155),tensor(123.6735),tensor(130.2133)
1,2023-12-04,S005_P0004,TimesFM,tensor(59.2229),tensor(131.4550),tensor(154.2383),tensor(50.9563),tensor(102.3878),tensor(138.0882)
1,2023-12-04,S005_P0005,TimesFM,tensor(31.4049),tensor(76.3275),tensor(87.1209),tensor(29.4779),tensor(71.0408),tensor(84.5778)
1,2023-12-04,S005_P0006,TimesFM,tensor(54.1112),tensor(139.7389),tensor(143.5899),tensor(52.2481),tensor(135.1837),tensor(139.8444)
1,2023-12-04,S005_P0007,TimesFM,tensor(32.8778),tensor(89.0848),tensor(113.5917),tensor(28.2858),tensor(76.0612),tensor(107.2886)
1,2023-12-04,S005_P0008,TimesFM,tensor(61.4873),tensor(145.1091),tensor(156.5432),tensor(60.6369),tensor(143.0612),tensor(153.7303)
1,2023-12-04,S005_P0009,TimesFM,tensor(56.0838),tensor(133.3161),tensor(150.9246),tensor(52.4582),tensor(119.7347),tensor(146.1188)
1,2023-12-04,S005_P0010,TimesFM,tensor(43.8551),tensor(138.3455),tensor(147.5015),tensor(40.9878),tensor(129.8571),tensor(135.0423)
1,2023-12-04,S005_P0011,TimesFM,tensor(69.9933),tensor(144.0332),tensor(158.8112),tensor(68.1381),tensor(136.1225),tensor(148.1426)
1,2023-12-04,S005_P0012,TimesFM,tensor(47.0678),tensor(108.0791),tensor(122.1175),tensor(48.0354),tensor(117.1020),tensor(153.9366)
1,2023-12-04,S005_P0013,TimesFM,tensor(35.1135),tensor(87.9322),tensor(98.3171),tensor(31.2813),tensor(76.2857),tensor(89.6820)
1,2023-12-04,S005_P0014,TimesFM,tensor(23.4006),tensor(59.4392),tensor(75.6368),tensor(22.1817),tensor(56.0408),tensor(74.9185)
1,2023-12-04,S005_P0015,TimesFM,tensor(55.7991),tensor(128.3657),tensor(140.8620),tensor(55.8901),tensor(129.),tensor(142.1543)
1,2023-12-04,S005_P0016,TimesFM,tensor(26.9175),tensor(87.0286),tensor(109.5566),tensor(33.7424),tensor(104.8571),tensor(136.1701)
1,2023-12-04,S005_P0017,TimesFM,tensor(61.4750),tensor(158.4698),tensor(174.0515),tensor(61.5427),tensor(159.9796),tensor(176.4692)
1,2023-12-04,S005_P0018,TimesFM,tensor(72.1861),tensor(139.5379),tensor(162.3940),tensor(62.5050),tensor(104.4898),tensor(106.8589)
1,2023-12-04,S005_P0019,TimesFM,tensor(36.0101),tensor(103.1218),tensor(120.1635),tensor(37.9850),tensor(108.4081),tensor(126.7134)
1,2023-12-04,S005_P0020,TimesFM,tensor(35.8345),tensor(109.9548),tensor(137.5298),tensor(36.2743),tensor(111.1633),tensor(138.9722)
2,2023-12-11,S001_P0001,TimesFM,tensor(42.1602),tensor(92.9408),tensor(113.9027),tensor(36.8011),tensor(75.7959),tensor(91.5564)
2,2023-12-11,S001_P0002,TimesFM,tensor(41.3522),tensor(101.4921),tensor(121.5208),tensor(38.2218),tensor(92.9184),tensor(123.0647)
2,2023-12-11,S001_P0003,TimesFM,tensor(51.0943),tensor(139.2403),tensor(149.4903),tensor(51.2293),tensor(139.9388),tensor(149.4371)
2,2023-12-11,S001_P0004,TimesFM,tensor(60.8254),tensor(149.6027),tensor(156.6233),tensor(49.8119),tensor(121.7551),tensor(158.8967)
2,2023-12-11,S001_P0005,TimesFM,tensor(55.7359),tensor(114.1672),tensor(133.0258),tensor(62.0212),tensor(124.2449),tensor(135.8204)
2,2023-12-11,S001_P0006,TimesFM,tensor(52.1720),tensor(127.8934),tensor(147.4212),tensor(51.3069),tensor(126.1633),tensor(147.1933)
2,2023-12-11,S001_P0007,TimesFM,tensor(41.2376),tensor(134.6572),tensor(142.1398),tensor(28.1728),tensor(94.5510),tensor(108.7957)
2,2023-12-11,S001_P0008,TimesFM,tensor(32.1363),tensor(106.2959),tensor(128.6060),tensor(39.6286),tensor(125.5714),tensor(144.3795)
2,2023-12-11,S001_P0009,TimesFM,tensor(35.0523),tensor(120.8521),tensor(128.3379),tensor(54.6264),tensor(172.4286),tensor(186.2027)
2,2023-12-11,S001_P0010,TimesFM,tensor(40.4857),tensor(92.4033),tensor(117.2357),tensor(40.0872),tensor(91.1020),tensor(116.2169)
2,2023-12-11,S001_P0011,TimesFM,tensor(42.1554),tensor(95.1908),tensor(104.9019),tensor(43.1597),tensor(98.1224),tensor(108.0875)
2,2023-12-11,S001_P0012,TimesFM,tensor(44.0226),tensor(107.4004),tensor(123.9985),tensor(56.2997),tensor(134.8980),tensor(145.6718)
2,2023-12-11,S001_P0013,TimesFM,tensor(70.1352),tensor(149.7303),tensor(158.6644),tensor(72.9992),tensor(158.3061),tensor(164.3930)
2,2023-12-11,S001_P0014,TimesFM,tensor(23.2968),tensor(65.1166),tensor(84.3885),tensor(22.8747),tensor(63.9184),tensor(84.4212)
2,2023-12-11,S001_P0015,TimesFM,tensor(36.7482),tensor(94.3280),tensor(115.6787),tensor(41.7323),tensor(106.3878),tensor(121.4607)
2,2023-12-11,S001_P0016,TimesFM,tensor(34.5229),tensor(98.1651),tensor(124.7203),tensor(33.6934),tensor(96.1225),tensor(121.1904)
2,2023-12-11,S001_P0017,TimesFM,tensor(45.2969),tensor(129.1707),tensor(137.0186),tensor(53.5155),tensor(150.4082),tensor(160.0319)
2,2023-12-11,S001_P0018,TimesFM,tensor(45.8596),tensor(105.1522),tensor(122.6222),tensor(40.6571),tensor(90.0204),tensor(113.8792)
2,2023-12-11,S001_P0019,TimesFM,tensor(53.8518),tensor(138.0422),tensor(145.0227),tensor(53.4601),tensor(137.1020),tensor(144.3874)
2,2023-12-11,S001_P0020,TimesFM,tensor(36.6899),tensor(99.2807),tensor(106.4507),tensor(35.8539),tensor(97.2857),tensor(103.0832)
2,2023-12-11,S002_P0001,TimesFM,tensor(24.6494),tensor(78.4681),tensor(91.5689),tensor(22.0916),tensor(71.0612),tensor(80.8435)
2,2023-12-11,S002_P0002,TimesFM,tensor(38.5485),tensor(95.2894),tensor(102.6845),tensor(38.6005),tensor(95.4082),tensor(101.8060)
2,2023-12-11,S002_P0003,TimesFM,tensor(45.1892),tensor(117.6769),tensor(139.8080),tensor(43.2516),tensor(115.5510),tensor(140.2642)
2,2023-12-11,S002_P0004,TimesFM,tensor(48.8217),tensor(131.7517),tensor(146.3102),tensor(52.4062),tensor(145.5510),tensor(153.1836)
2,2023-12-11,S002_P0005,TimesFM,tensor(42.7931),tensor(108.8560),tensor(125.1762),tensor(48.8652),tensor(123.1225),tensor(150.8488)
2,2023-12-11,S002_P0006,TimesFM,tensor(62.6465),tensor(150.8825),tensor(158.0933),tensor(64.4324),tensor(162.4490),tensor(175.2386)
2,2023-12-11,S002_P0007,TimesFM,tensor(54.8073),tensor(114.1618),tensor(139.4804),tensor(58.4050),tensor(121.5510),tensor(133.9752)
2,2023-12-11,S002_P0008,TimesFM,tensor(82.8777),tensor(176.5162),tensor(180.5323),tensor(78.1811),tensor(159.1429),tensor(169.6315)
2,2023-12-11,S002_P0009,TimesFM,tensor(33.2605),tensor(102.1918),tensor(117.1311),tensor(22.2143),tensor(70.2449),tensor(90.5647)
2,2023-12-11,S002_P0010,TimesFM,tensor(40.6505),tensor(88.5625),tensor(111.4271),tensor(41.1334),tensor(90.8776),tensor(115.3942)
2,2023-12-11,S002_P0011,TimesFM,tensor(57.1456),tensor(121.3152),tensor(138.2021),tensor(58.3294),tensor(123.0612),tensor(136.9818)
2,2023-12-11,S002_P0012,TimesFM,tensor(47.4211),tensor(117.3323),tensor(135.8447),tensor(51.6526),tensor(130.4694),tensor(142.9008)
2,2023-12-11,S002_P0013,TimesFM,tensor(50.1015),tensor(119.3594),tensor(130.0599),tensor(55.3570),tensor(136.3469),tensor(143.4299)
2,2023-12-11,S002_P0014,TimesFM,tensor(56.2395),tensor(129.1913),tensor(138.6582),tensor(78.2904),tensor(173.1225),tensor(187.4508)
2,2023-12-11,S002_P0015,TimesFM,tensor(33.3995),tensor(89.8680),tensor(105.9871),tensor(30.9134),tensor(83.5510),tensor(103.0492)
2,2023-12-11,S002_P0016,TimesFM,tensor(35.2792),tensor(114.9577),tensor(139.7789),tensor(36.2400),tensor(117.9592),tensor(147.3465)
2,2023-12-11,S002_P0017,TimesFM,tensor(45.9371),tensor(99.6185),tensor(109.7839),tensor(48.1432),tensor(106.7959),tensor(118.4313)
2,2023-12-11,S002_P0018,TimesFM,tensor(30.2716),tensor(84.7736),tensor(102.4562),tensor(36.9273),tensor(100.0204),tensor(127.7233)
2,2023-12-11,S002_P0019,TimesFM,tensor(43.1738),tensor(134.2931),tensor(147.6036),tensor(42.3700),tensor(132.2041),tensor(147.7908)
2,2023-12-11,S002_P0020,TimesFM,tensor(55.5051),tensor(132.9635),tensor(147.0928),tensor(54.3700),tensor(127.7959),tensor(147.0327)
2,2023-12-11,S003_P0001,TimesFM,tensor(41.8015),tensor(96.2201),tensor(113.7138),tensor(39.9737),tensor(90.5714),tensor(111.2680)
2,2023-12-11,S003_P0002,TimesFM,tensor(27.7620),tensor(82.8502),tensor(92.7544),tensor(27.6451),tensor(82.5306),tensor(92.8890)
2,2023-12-11,S003_P0003,TimesFM,tensor(67.2942),tensor(147.0022),tensor(161.2562),tensor(68.0042),tensor(150.1837),tensor(164.2413)
2,2023-12-11,S003_P0004,TimesFM,tensor(46.6610),tensor(114.3013),tensor(132.8903),tensor(48.5669),tensor(118.5306),tensor(135.5337)
2,2023-12-11,S003_P0005,TimesFM,tensor(67.9026),tensor(153.2470),tensor(165.5536),tensor(67.9079),tensor(152.2653),tensor(164.0118)
2,2023-12-11,S003_P0006,TimesFM,tensor(60.9093),tensor(138.2290),tensor(148.7876),tensor(55.0683),tensor(120.9592),tensor(139.3575)
2,2023-12-11,S003_P0007,TimesFM,tensor(41.2606),tensor(102.1914),tensor(117.4847),tensor(41.9908),tensor(104.5510),tensor(119.1013)
2,2023-12-11,S003_P0008,TimesFM,tensor(45.4539),tensor(125.1188),tensor(137.5749),tensor(47.4897),tensor(129.7959),tensor(154.5123)
2,2023-12-11,S003_P0009,TimesFM,tensor(31.2483),tensor(102.4496),tensor(118.6979),tensor(49.2887),tensor(147.4286),tensor(159.9964)
2,2023-12-11,S003_P0010,TimesFM,tensor(43.3112),tensor(120.4057),tensor(133.9232),tensor(47.7967),tensor(131.9796),tensor(143.6814)
2,2023-12-11,S003_P0011,TimesFM,tensor(33.7551),tensor(95.8932),tensor(119.8097),tensor(34.8152),tensor(98.4082),tensor(121.4746)
2,2023-12-11,S003_P0012,TimesFM,tensor(47.8680),tensor(120.2769),tensor(132.9670),tensor(46.2755),tensor(117.0408),tensor(135.1686)
2,2023-12-11,S003_P0013,TimesFM,tensor(29.7621),tensor(99.4953),tensor(127.7747),tensor(35.3503),tensor(114.4694),tensor(141.8386)
2,2023-12-11,S003_P0014,TimesFM,tensor(29.0775),tensor(100.6729),tensor(128.8961),tensor(31.9255),tensor(108.9184),tensor(144.9558)
2,2023-12-11,S003_P0015,TimesFM,tensor(43.5824),tensor(105.8707),tensor(123.5336),tensor(44.7984),tensor(107.2857),tensor(138.1454)
2,2023-12-11,S003_P0016,TimesFM,tensor(45.0306),tensor(100.4893),tensor(113.5282),tensor(44.8596),tensor(100.0204),tensor(113.2079)
2,2023-12-11,S003_P0017,TimesFM,tensor(54.5922),tensor(132.0709),tensor(143.2646),tensor(55.2331),tensor(133.5306),tensor(144.0556)
2,2023-12-11,S003_P0018,TimesFM,tensor(53.7051),tensor(151.8887),tensor(166.3772),tensor(64.2954),tensor(177.8163),tensor(198.4483)
2,2023-12-11,S003_P0019,TimesFM,tensor(40.5359),tensor(107.6181),tensor(132.6379),tensor(42.0119),tensor(111.2653),tensor(133.8316)
2,2023-12-11,S003_P0020,TimesFM,tensor(29.7390),tensor(90.2448),tensor(105.8362),tensor(27.1409),tensor(84.3061),tensor(121.1478)
2,2023-12-11,S004_P0001,TimesFM,tensor(42.5651),tensor(106.4801),tensor(130.0415),tensor(43.9524),tensor(107.8571),tensor(148.9031)
2,2023-12-11,S004_P0002,TimesFM,tensor(29.6741),tensor(85.9964),tensor(103.9735),tensor(32.9470),tensor(94.2653),tensor(116.8062)
2,2023-12-11,S004_P0003,TimesFM,tensor(84.8404),tensor(164.4819),tensor(172.5432),tensor(82.0127),tensor(154.4286),tensor(162.5980)
2,2023-12-11,S004_P0004,TimesFM,tensor(48.1294),tensor(107.4602),tensor(131.9384),tensor(51.5796),tensor(108.9184),tensor(130.5826)
2,2023-12-11,S004_P0005,TimesFM,tensor(46.0056),tensor(112.7135),tensor(129.5637),tensor(55.9988),tensor(132.7143),tensor(164.4580)
2,2023-12-11,S004_P0006,TimesFM,tensor(36.2723),tensor(106.7994),tensor(113.3423),tensor(41.4459),tensor(120.6327),tensor(146.1465)
2,2023-12-11,S004_P0007,TimesFM,tensor(51.8074),tensor(124.4979),tensor(144.5048),tensor(49.1724),tensor(122.1224),tensor(148.2685)
2,2023-12-11,S004_P0008,TimesFM,tensor(52.5431),tensor(129.9080),tensor(143.3107),tensor(54.4760),tensor(136.3265),tensor(147.5283)
2,2023-12-11,S004_P0009,TimesFM,tensor(49.2054),tensor(145.1517),tensor(151.0279),tensor(37.4404),tensor(111.1837),tensor(150.1581)
2,2023-12-11,S004_P0010,TimesFM,tensor(36.6394),tensor(99.5735),tensor(111.3045),tensor(35.0989),tensor(95.7143),tensor(106.8123)
2,2023-12-11,S004_P0011,TimesFM,tensor(72.8490),tensor(162.0304),tensor(174.0166),tensor(76.5603),tensor(168.8775),tensor(177.6623)
2,2023-12-11,S004_P0012,TimesFM,tensor(28.1975),tensor(84.0208),tensor(107.2594),tensor(27.3069),tensor(80.8776),tensor(98.0911)
2,2023-12-11,S004_P0013,TimesFM,tensor(22.8134),tensor(50.5192),tensor(65.2374),tensor(36.6746),tensor(94.),tensor(113.1851)
2,2023-12-11,S004_P0014,TimesFM,tensor(64.9157),tensor(142.8963),tensor(146.9524),tensor(67.8171),tensor(153.0204),tensor(157.3117)
2,2023-12-11,S004_P0015,TimesFM,tensor(25.7962),tensor(66.4368),tensor(100.4615),tensor(32.4738),tensor(90.9184),tensor(116.5409)
2,2023-12-11,S004_P0016,TimesFM,tensor(40.1949),tensor(122.5602),tensor(128.5950),tensor(38.9827),tensor(119.1020),tensor(124.9400)
2,2023-12-11,S004_P0017,TimesFM,tensor(47.2561),tensor(115.3359),tensor(122.2366),tensor(41.9205),tensor(100.6735),tensor(116.1353)
2,2023-12-11,S004_P0018,TimesFM,tensor(55.7294),tensor(111.6816),tensor(130.2968),tensor(49.3771),tensor(92.5306),tensor(114.3500)
2,2023-12-11,S004_P0019,TimesFM,tensor(59.6102),tensor(125.6579),tensor(133.5512),tensor(44.3226),tensor(86.3673),tensor(107.5905)
2,2023-12-11,S004_P0020,TimesFM,tensor(36.2567),tensor(122.6450),tensor(140.6515),tensor(39.3077),tensor(131.4694),tensor(154.3072)
2,2023-12-11,S005_P0001,TimesFM,tensor(31.2401),tensor(98.6934),tensor(111.3811),tensor(76.5534),tensor(194.2857),tensor(208.1579)
2,2023-12-11,S005_P0002,TimesFM,tensor(54.9131),tensor(140.3618),tensor(149.4091),tensor(57.1327),tensor(145.2449),tensor(163.1764)
2,2023-12-11,S005_P0003,TimesFM,tensor(72.3209),tensor(151.4596),tensor(167.5641),tensor(62.7517),tensor(117.5510),tensor(135.9033)
2,2023-12-11,S005_P0004,TimesFM,tensor(55.1260),tensor(125.7174),tensor(135.2299),tensor(54.4656),tensor(122.4898),tensor(133.7448)
2,2023-12-11,S005_P0005,TimesFM,tensor(31.4935),tensor(81.4720),tensor(94.3244),tensor(30.8481),tensor(79.7347),tensor(98.8550)
2,2023-12-11,S005_P0006,TimesFM,tensor(35.1217),tensor(88.0910),tensor(104.4369),tensor(34.2802),tensor(85.7755),tensor(103.5649)
2,2023-12-11,S005_P0007,TimesFM,tensor(39.4719),tensor(102.7873),tensor(119.2697),tensor(40.2627),tensor(106.9388),tensor(127.5234)
2,2023-12-11,S005_P0008,TimesFM,tensor(28.3915),tensor(68.5641),tensor(85.3201),tensor(28.0816),tensor(68.1225),tensor(87.1806)
2,2023-12-11,S005_P0009,TimesFM,tensor(59.8998),tensor(132.2000),tensor(140.5449),tensor(58.7840),tensor(128.),tensor(135.3968)
2,2023-12-11,S005_P0010,TimesFM,tensor(47.5116),tensor(129.9600),tensor(140.0576),tensor(48.8651),tensor(139.3265),tensor(161.2831)
2,2023-12-11,S005_P0011,TimesFM,tensor(37.3863),tensor(100.4362),tensor(117.1199),tensor(45.0455),tensor(114.9796),tensor(155.8262)
2,2023-12-11,S005_P0012,TimesFM,tensor(30.7079),tensor(105.3690),tensor(113.5462),tensor(35.6313),tensor(119.4286),tensor(125.5639)
2,2023-12-11,S005_P0013,TimesFM,tensor(50.3282),tensor(154.4855),tensor(163.3192),tensor(59.0814),tensor(178.2449),tensor(193.0135)
2,2023-12-11,S005_P0014,TimesFM,tensor(29.4120),tensor(84.4899),tensor(106.9933),tensor(29.5166),tensor(84.8163),tensor(110.5891)
2,2023-12-11,S005_P0015,TimesFM,tensor(18.6986),tensor(55.2868),tensor(63.3051),tensor(19.2585),tensor(56.8367),tensor(65.3919)
2,2023-12-11,S005_P0016,TimesFM,tensor(26.9453),tensor(81.1864),tensor(106.2280),tensor(29.6979),tensor(89.2041),tensor(104.5616)
2,2023-12-11,S005_P0017,TimesFM,tensor(33.9516),tensor(109.8402),tensor(126.2257),tensor(32.1624),tensor(104.1837),tensor(112.0287)
2,2023-12-11,S005_P0018,TimesFM,tensor(52.1149),tensor(147.7109),tensor(162.6082),tensor(78.2150),tensor(207.2653),tensor(221.7516)
2,2023-12-11,S005_P0019,TimesFM,tensor(54.1695),tensor(158.2926),tensor(163.1679),tensor(56.8772),tensor(165.2449),tensor(170.1451)
2,2023-12-11,S005_P0020,TimesFM,tensor(67.1853),tensor(141.2703),tensor(161.9667),tensor(68.0873),tensor(144.8775),tensor(165.4462)
3,2023-12-18,S001_P0001,TimesFM,tensor(31.1272),tensor(110.5452),tensor(126.7557),tensor(39.3677),tensor(134.1225),tensor(157.3034)
3,2023-12-18,S001_P0002,TimesFM,tensor(40.5372),tensor(115.7803),tensor(128.9282),tensor(40.0026),tensor(114.3061),tensor(126.6943)
3,2023-12-18,S001_P0003,TimesFM,tensor(68.8688),tensor(148.9307),tensor(160.0991),tensor(62.1348),tensor(125.1020),tensor(136.0061)
3,2023-12-18,S001_P0004,TimesFM,tensor(53.5789),tensor(122.0510),tensor(143.6781),tensor(53.8776),tensor(124.),tensor(145.4432)
3,2023-12-18,S001_P0005,TimesFM,tensor(23.1197),tensor(66.2224),tensor(80.0910),tensor(23.4716),tensor(67.2449),tensor(81.8409)
3,2023-12-18,S001_P0006,TimesFM,tensor(44.5663),tensor(123.0877),tensor(137.8433),tensor(54.3284),tensor(148.8163),tensor(157.6149)
3,2023-12-18,S001_P0007,TimesFM,tensor(63.1766),tensor(166.7466),tensor(173.3445),tensor(56.3597),tensor(154.0612),tensor(185.4722)
3,2023-12-18,S001_P0008,TimesFM,tensor(32.2733),tensor(92.4219),tensor(103.9811),tensor(33.0510),tensor(96.9184),tensor(128.5142)
3,2023-12-18,S001_P0009,TimesFM,tensor(39.4604),tensor(108.8667),tensor(129.3310),tensor(44.7008),tensor(128.3061),tensor(143.1178)
3,2023-12-18,S001_P0010,TimesFM,tensor(30.7121),tensor(85.0525),tensor(110.3564),tensor(31.1077),tensor(85.7551),tensor(110.4939)
3,2023-12-18,S001_P0011,TimesFM,tensor(35.0584),tensor(99.6609),tensor(126.0090),tensor(47.8599),tensor(132.1020),tensor(150.5319)
3,2023-12-18,S001_P0012,TimesFM,tensor(62.2047),tensor(122.1158),tensor(134.6346),tensor(65.8894),tensor(137.3674),tensor(157.2704)
3,2023-12-18,S001_P0013,TimesFM,tensor(47.3916),tensor(111.7678),tensor(134.2318),tensor(47.8756),tensor(109.3469),tensor(146.4093)
3,2023-12-18,S001_P0014,TimesFM,tensor(50.4241),tensor(124.9191),tensor(143.5313),tensor(50.2983),tensor(125.0816),tensor(144.0123)
3,2023-12-18,S001_P0015,TimesFM,tensor(40.8964),tensor(99.3647),tensor(119.8525),tensor(38.8297),tensor(94.3061),tensor(119.3174)
3,2023-12-18,S001_P0016,TimesFM,tensor(47.9150),tensor(130.5032),tensor(147.3324),tensor(40.3636),tensor(111.8775),tensor(139.3804)
3,2023-12-18,S001_P0017,TimesFM,tensor(47.9349),tensor(103.3096),tensor(126.2631),tensor(56.6129),tensor(134.2857),tensor(153.9222)
3,2023-12-18,S001_P0018,TimesFM,tensor(49.3578),tensor(114.0904),tensor(131.9182),tensor(49.5817),tensor(113.3469),tensor(130.9861)
3,2023-12-18,S001_P0019,TimesFM,tensor(68.2813),tensor(158.8019),tensor(170.6892),tensor(68.2129),tensor(159.7755),tensor(172.7107)
3,2023-12-18,S001_P0020,TimesFM,tensor(37.8004),tensor(95.5381),tensor(112.7745),tensor(37.1298),tensor(95.3469),tensor(114.5711)
3,2023-12-18,S002_P0001,TimesFM,tensor(74.1583),tensor(151.3460),tensor(171.4004),tensor(73.7559),tensor(150.2449),tensor(169.8222)
3,2023-12-18,S002_P0002,TimesFM,tensor(64.8864),tensor(132.2446),tensor(141.3842),tensor(61.4816),tensor(122.4694),tensor(137.3566)
3,2023-12-18,S002_P0003,TimesFM,tensor(34.6254),tensor(96.6167),tensor(112.3419),tensor(33.2895),tensor(93.2653),tensor(112.9764)
3,2023-12-18,S002_P0004,TimesFM,tensor(40.8368),tensor(112.0140),tensor(137.6568),tensor(42.7926),tensor(117.8367),tensor(138.4518)
3,2023-12-18,S002_P0005,TimesFM,tensor(46.6851),tensor(110.6082),tensor(132.3507),tensor(45.9723),tensor(108.2245),tensor(129.0253)
3,2023-12-18,S002_P0006,TimesFM,tensor(36.1766),tensor(81.9534),tensor(100.1500),tensor(35.3900),tensor(79.7959),tensor(100.0024)
3,2023-12-18,S002_P0007,TimesFM,tensor(33.4610),tensor(103.2758),tensor(121.2818),tensor(42.9077),tensor(127.3265),tensor(148.4895)
3,2023-12-18,S002_P0008,TimesFM,tensor(41.8323),tensor(118.8844),tensor(124.5008),tensor(50.5532),tensor(141.1020),tensor(145.1100)
3,2023-12-18,S002_P0009,TimesFM,tensor(42.1295),tensor(135.2697),tensor(150.0359),tensor(38.6085),tensor(124.5714),tensor(130.8532)
3,2023-12-18,S002_P0010,TimesFM,tensor(55.4086),tensor(126.4903),tensor(138.2495),tensor(51.4316),tensor(114.8163),tensor(133.5312)
3,2023-12-18,S002_P0011,TimesFM,tensor(40.0795),tensor(102.2743),tensor(125.5845),tensor(39.4382),tensor(100.6735),tensor(123.5556)
3,2023-12-18,S002_P0012,TimesFM,tensor(58.4826),tensor(167.4738),tensor(180.5581),tensor(64.6543),tensor(183.2857),tensor(196.6792)
3,2023-12-18,S002_P0013,TimesFM,tensor(32.9303),tensor(75.5921),tensor(97.2542),tensor(39.1636),tensor(90.5714),tensor(98.4494)
3,2023-12-18,S002_P0014,TimesFM,tensor(35.2075),tensor(109.6825),tensor(129.9749),tensor(36.5262),tensor(113.2857),tensor(136.7641)
3,2023-12-18,S002_P0015,TimesFM,tensor(50.8131),tensor(121.0810),tensor(129.3410),tensor(51.9313),tensor(126.6327),tensor(139.0464)
3,2023-12-18,S002_P0016,TimesFM,tensor(42.2458),tensor(132.8886),tensor(139.5488),tensor(35.7573),tensor(113.3265),tensor(122.1540)
3,2023-12-18,S002_P0017,TimesFM,tensor(36.2115),tensor(76.6597),tensor(98.8845),tensor(39.1080),tensor(81.7347),tensor(94.9097)
3,2023-12-18,S002_P0018,TimesFM,tensor(30.6418),tensor(81.7901),tensor(97.8693),tensor(32.7149),tensor(88.6122),tensor(102.4625)
3,2023-12-18,S002_P0019,TimesFM,tensor(41.3469),tensor(86.3971),tensor(105.6844),tensor(55.0810),tensor(137.7755),tensor(163.9289)
3,2023-12-18,S002_P0020,TimesFM,tensor(80.7306),tensor(160.9937),tensor(164.7591),tensor(75.7981),tensor(143.3673),tensor(150.0407)
3,2023-12-18,S003_P0001,TimesFM,tensor(31.5409),tensor(91.8093),tensor(105.1304),tensor(32.7594),tensor(95.0408),tensor(108.9846)
3,2023-12-18,S003_P0002,TimesFM,tensor(60.3301),tensor(150.0773),tensor(164.4702),tensor(58.7437),tensor(143.9592),tensor(155.7149)
3,2023-12-18,S003_P0003,TimesFM,tensor(48.9434),tensor(106.0934),tensor(127.0658),tensor(49.1206),tensor(101.7755),tensor(122.9205)
3,2023-12-18,S003_P0004,TimesFM,tensor(64.0076),tensor(145.7151),tensor(154.7685),tensor(61.4889),tensor(141.6939),tensor(157.0500)
3,2023-12-18,S003_P0005,TimesFM,tensor(91.2276),tensor(173.4339),tensor(174.8337),tensor(90.4224),tensor(170.4898),tensor(171.8719)
3,2023-12-18,S003_P0006,TimesFM,tensor(59.2667),tensor(111.0782),tensor(127.2579),tensor(46.4069),tensor(74.6122),tensor(86.0807)
3,2023-12-18,S003_P0007,TimesFM,tensor(54.9020),tensor(146.1729),tensor(159.8479),tensor(58.3539),tensor(153.3673),tensor(173.0323)
3,2023-12-18,S003_P0008,TimesFM,tensor(27.1331),tensor(85.2571),tensor(98.8799),tensor(24.6317),tensor(77.3878),tensor(85.4926)
3,2023-12-18,S003_P0009,TimesFM,tensor(26.5813),tensor(54.5545),tensor(81.2850),tensor(44.3947),tensor(116.8571),tensor(137.7416)
3,2023-12-18,S003_P0010,TimesFM,tensor(39.6431),tensor(93.6785),tensor(99.5486),tensor(46.0610),tensor(114.4082),tensor(123.0352)
3,2023-12-18,S003_P0011,TimesFM,tensor(46.3421),tensor(98.8259),tensor(119.5768),tensor(56.4729),tensor(135.5510),tensor(157.9486)
3,2023-12-18,S003_P0012,TimesFM,tensor(36.7586),tensor(97.0973),tensor(115.3014),tensor(38.5973),tensor(101.8979),tensor(118.6780)
3,2023-12-18,S003_P0013,TimesFM,tensor(40.3801),tensor(119.4552),tensor(134.9102),tensor(39.5495),tensor(120.2449),tensor(137.1847)
3,2023-12-18,S003_P0014,TimesFM,tensor(35.6696),tensor(115.7477),tensor(129.1480),tensor(25.8084),tensor(85.0816),tensor(101.7140)
3,2023-12-18,S003_P0015,TimesFM,tensor(59.5431),tensor(117.2140),tensor(142.3778),tensor(61.3144),tensor(124.0000),tensor(150.3818)
3,2023-12-18,S003_P0016,TimesFM,tensor(56.2515),tensor(113.8943),tensor(140.8696),tensor(59.5224),tensor(112.7551),tensor(125.7217)
3,2023-12-18,S003_P0017,TimesFM,tensor(21.0144),tensor(50.5422),tensor(60.9458),tensor(12.9997),tensor(28.9388),tensor(33.8966)
3,2023-12-18,S003_P0018,TimesFM,tensor(52.1675),tensor(129.9214),tensor(134.9685),tensor(52.1346),tensor(131.5918),tensor(139.2625)
3,2023-12-18,S003_P0019,TimesFM,tensor(30.6407),tensor(77.7529),tensor(96.0665),tensor(36.0367),tensor(94.9388),tensor(108.2088)
3,2023-12-18,S003_P0020,TimesFM,tensor(29.6633),tensor(70.2735),tensor(75.6051),tensor(30.4917),tensor(72.6326),tensor(78.0122)
3,2023-12-18,S004_P0001,TimesFM,tensor(71.6198),tensor(142.6545),tensor(156.8814),tensor(71.0818),tensor(145.7551),tensor(168.9440)
3,2023-12-18,S004_P0002,TimesFM,tensor(38.6600),tensor(131.6103),tensor(159.1590),tensor(36.9310),tensor(125.7959),tensor(138.8576)
3,2023-12-18,S004_P0003,TimesFM,tensor(41.5051),tensor(129.6663),tensor(135.5670),tensor(74.9729),tensor(209.1224),tensor(226.9552)
3,2023-12-18,S004_P0004,TimesFM,tensor(41.4194),tensor(109.3429),tensor(128.2159),tensor(44.4047),tensor(116.8163),tensor(133.3336)
3,2023-12-18,S004_P0005,TimesFM,tensor(38.3822),tensor(94.5874),tensor(112.8019),tensor(39.0968),tensor(97.5918),tensor(113.8520)
3,2023-12-18,S004_P0006,TimesFM,tensor(64.4739),tensor(146.5600),tensor(159.8144),tensor(68.9984),tensor(171.4898),tensor(191.9817)
3,2023-12-18,S004_P0007,TimesFM,tensor(41.7822),tensor(133.2717),tensor(149.5606),tensor(37.5004),tensor(120.8367),tensor(130.5745)
3,2023-12-18,S004_P0008,TimesFM,tensor(44.9466),tensor(107.2464),tensor(119.9427),tensor(45.1500),tensor(107.5714),tensor(119.3321)
3,2023-12-18,S004_P0009,TimesFM,tensor(25.4686),tensor(70.6204),tensor(77.8980),tensor(29.2832),tensor(83.5510),tensor(100.1863)
3,2023-12-18,S004_P0010,TimesFM,tensor(38.0212),tensor(116.3177),tensor(128.6388),tensor(31.7515),tensor(98.8571),tensor(114.2178)
3,2023-12-18,S004_P0011,TimesFM,tensor(45.4139),tensor(124.5783),tensor(147.3046),tensor(45.6426),tensor(125.2653),tensor(145.7022)
3,2023-12-18,S004_P0012,TimesFM,tensor(68.9357),tensor(166.8958),tensor(173.8853),tensor(69.9885),tensor(168.7551),tensor(174.6671)
3,2023-12-18,S004_P0013,TimesFM,tensor(46.5165),tensor(144.6186),tensor(162.5797),tensor(47.0059),tensor(146.),tensor(163.9390)
3,2023-12-18,S004_P0014,TimesFM,tensor(36.1164),tensor(115.1068),tensor(131.8384),tensor(45.4188),tensor(139.7551),tensor(161.8146)
3,2023-12-18,S004_P0015,TimesFM,tensor(50.9364),tensor(115.4055),tensor(129.5779),tensor(49.9685),tensor(111.8979),tensor(124.2958)
3,2023-12-18,S004_P0016,TimesFM,tensor(61.1205),tensor(150.4429),tensor(160.5582),tensor(61.3517),tensor(154.0408),tensor(170.0470)
3,2023-12-18,S004_P0017,TimesFM,tensor(35.1421),tensor(76.7378),tensor(90.9484),tensor(31.7855),tensor(66.9796),tensor(74.4372)
3,2023-12-18,S004_P0018,TimesFM,tensor(48.0078),tensor(108.3307),tensor(136.7219),tensor(51.1309),tensor(112.5714),tensor(135.2416)
3,2023-12-18,S004_P0019,TimesFM,tensor(34.7543),tensor(102.1094),tensor(123.2255),tensor(39.1172),tensor(113.3469),tensor(152.1114)
3,2023-12-18,S004_P0020,TimesFM,tensor(33.9744),tensor(115.2992),tensor(136.0286),tensor(26.8021),tensor(93.0816),tensor(101.3453)
3,2023-12-18,S005_P0001,TimesFM,tensor(37.3471),tensor(94.9543),tensor(109.2256),tensor(33.6036),tensor(87.9184),tensor(123.7544)
3,2023-12-18,S005_P0002,TimesFM,tensor(53.6991),tensor(148.6376),tensor(164.0586),tensor(55.7997),tensor(158.0816),tensor(164.2179)
3,2023-12-18,S005_P0003,TimesFM,tensor(54.2742),tensor(141.2894),tensor(147.7555),tensor(58.5118),tensor(150.7959),tensor(162.4946)
3,2023-12-18,S005_P0004,TimesFM,tensor(44.4326),tensor(101.9645),tensor(124.4952),tensor(46.8358),tensor(106.6531),tensor(128.3002)
3,2023-12-18,S005_P0005,TimesFM,tensor(54.2453),tensor(127.9315),tensor(151.3548),tensor(53.7049),tensor(124.8367),tensor(144.8183)
3,2023-12-18,S005_P0006,TimesFM,tensor(36.5089),tensor(105.3749),tensor(116.1125),tensor(31.6245),tensor(91.8776),tensor(104.4289)
3,2023-12-18,S005_P0007,TimesFM,tensor(68.8799),tensor(153.2441),tensor(167.1371),tensor(67.5559),tensor(143.0204),tensor(154.1720)
3,2023-12-18,S005_P0008,TimesFM,tensor(55.3959),tensor(121.6089),tensor(137.0176),tensor(55.8394),tensor(122.1633),tensor(135.8285)
3,2023-12-18,S005_P0009,TimesFM,tensor(40.6907),tensor(110.8175),tensor(136.0086),tensor(37.8237),tensor(103.3469),tensor(123.6077)
3,2023-12-18,S005_P0010,TimesFM,tensor(41.4289),tensor(97.2156),tensor(118.9536),tensor(42.4051),tensor(100.0612),tensor(120.6740)
3,2023-12-18,S005_P0011,TimesFM,tensor(36.6089),tensor(98.0463),tensor(119.9242),tensor(36.3626),tensor(97.0204),tensor(118.8671)
3,2023-12-18,S005_P0012,TimesFM,tensor(52.5094),tensor(112.1990),tensor(138.4265),tensor(64.2870),tensor(160.5918),tensor(186.7280)
3,2023-12-18,S005_P0013,TimesFM,tensor(44.5539),tensor(121.0910),tensor(139.0077),tensor(46.4116),tensor(134.0816),tensor(165.4241)
3,2023-12-18,S005_P0014,TimesFM,tensor(40.0788),tensor(102.9161),tensor(119.5701),tensor(38.6701),tensor(100.6939),tensor(123.2780)
3,2023-12-18,S005_P0015,TimesFM,tensor(33.8104),tensor(94.8676),tensor(107.4154),tensor(33.6564),tensor(94.4082),tensor(108.2584)
3,2023-12-18,S005_P0016,TimesFM,tensor(25.5151),tensor(75.9155),tensor(92.6822),tensor(29.7607),tensor(88.8163),tensor(95.2119)
3,2023-12-18,S005_P0017,TimesFM,tensor(48.1920),tensor(131.3574),tensor(142.9140),tensor(46.6982),tensor(131.6327),tensor(155.5631)
3,2023-12-18,S005_P0018,TimesFM,tensor(48.3935),tensor(114.6180),tensor(128.6670),tensor(47.3811),tensor(116.3469),tensor(144.1569)
3,2023-12-18,S005_P0019,TimesFM,tensor(29.3675),tensor(85.5609),tensor(102.9898),tensor(36.1146),tensor(112.8367),tensor(131.8508)
3,2023-12-18,S005_P0020,TimesFM,tensor(29.1245),tensor(95.4371),tensor(116.0230),tensor(36.7593),tensor(116.1429),tensor(135.5249)
4,2023-12-25,S001_P0001,TimesFM,tensor(43.9722),tensor(92.5606),tensor(109.3188),tensor(59.0482),tensor(143.),tensor(158.9146)
4,2023-12-25,S001_P0002,TimesFM,tensor(66.0477),tensor(147.4191),tensor(154.2136),tensor(71.2325),tensor(168.8571),tensor(182.3137)
4,2023-12-25,S001_P0003,TimesFM,tensor(23.1932),tensor(71.8293),tensor(78.6040),tensor(32.8682),tensor(96.7143),tensor(121.9581)
4,2023-12-25,S001_P0004,TimesFM,tensor(41.4359),tensor(95.9710),tensor(114.9998),tensor(42.2895),tensor(96.3878),tensor(108.9861)
4,2023-12-25,S001_P0005,TimesFM,tensor(46.1687),tensor(119.9047),tensor(140.8401),tensor(46.9767),tensor(122.2041),tensor(141.9909)
4,2023-12-25,S001_P0006,TimesFM,tensor(55.2197),tensor(120.1993),tensor(137.3235),tensor(60.2482),tensor(145.1633),tensor(180.5034)
4,2023-12-25,S001_P0007,TimesFM,tensor(41.4388),tensor(111.4873),tensor(121.1047),tensor(36.0921),tensor(97.4694),tensor(113.1003)
4,2023-12-25,S001_P0008,TimesFM,tensor(49.0299),tensor(125.7152),tensor(147.4551),tensor(48.8826),tensor(124.9796),tensor(144.6242)
4,2023-12-25,S001_P0009,TimesFM,tensor(55.9326),tensor(126.7429),tensor(131.9480),tensor(56.2392),tensor(129.0204),tensor(136.0153)
4,2023-12-25,S001_P0010,TimesFM,tensor(56.7573),tensor(123.8782),tensor(137.6193),tensor(59.8505),tensor(135.2653),tensor(149.3403)
4,2023-12-25,S001_P0011,TimesFM,tensor(40.8532),tensor(114.0720),tensor(129.1920),tensor(39.5217),tensor(111.1020),tensor(126.3345)
4,2023-12-25,S001_P0012,TimesFM,tensor(30.3431),tensor(98.7113),tensor(119.1963),tensor(40.8445),tensor(125.9184),tensor(151.7509)
4,2023-12-25,S001_P0013,TimesFM,tensor(55.1578),tensor(175.3324),tensor(183.4048),tensor(49.7110),tensor(159.7959),tensor(163.2313)
4,2023-12-25,S001_P0014,TimesFM,tensor(50.7191),tensor(126.4440),tensor(144.4658),tensor(51.6225),tensor(129.1020),tensor(143.7523)
4,2023-12-25,S001_P0015,TimesFM,tensor(40.0806),tensor(97.4323),tensor(103.0262),tensor(41.6077),tensor(102.2653),tensor(108.6901)
4,2023-12-25,S001_P0016,TimesFM,tensor(47.2137),tensor(114.0672),tensor(121.6712),tensor(48.9140),tensor(122.6735),tensor(142.6000)
4,2023-12-25,S001_P0017,TimesFM,tensor(51.1007),tensor(143.4931),tensor(149.6545),tensor(54.6074),tensor(152.3265),tensor(170.0804)
4,2023-12-25,S001_P0018,TimesFM,tensor(42.9607),tensor(106.6758),tensor(124.6170),tensor(41.9441),tensor(103.3673),tensor(123.1383)
4,2023-12-25,S001_P0019,TimesFM,tensor(32.0661),tensor(90.7341),tensor(101.8102),tensor(31.2729),tensor(88.3061),tensor(98.8176)
4,2023-12-25,S001_P0020,TimesFM,tensor(71.5709),tensor(141.7836),tensor(156.4937),tensor(71.2468),tensor(139.6122),tensor(152.8660)
4,2023-12-25,S002_P0001,TimesFM,tensor(23.3530),tensor(79.9655),tensor(109.3147),tensor(37.5076),tensor(116.7143),tensor(149.7154)
4,2023-12-25,S002_P0002,TimesFM,tensor(41.0144),tensor(115.4901),tensor(134.6546),tensor(41.7800),tensor(117.5510),tensor(138.8338)
4,2023-12-25,S002_P0003,TimesFM,tensor(44.8706),tensor(99.5612),tensor(117.0854),tensor(49.2523),tensor(114.0612),tensor(130.4398)
4,2023-12-25,S002_P0004,TimesFM,tensor(50.8491),tensor(132.4428),tensor(150.4878),tensor(50.4709),tensor(131.9388),tensor(147.7552)
4,2023-12-25,S002_P0005,TimesFM,tensor(37.5981),tensor(101.4546),tensor(118.3124),tensor(31.1970),tensor(81.2653),tensor(105.8233)
4,2023-12-25,S002_P0006,TimesFM,tensor(17.6273),tensor(47.5513),tensor(60.7165),tensor(23.6625),tensor(61.5306),tensor(80.1803)
4,2023-12-25,S002_P0007,TimesFM,tensor(36.0760),tensor(95.3931),tensor(113.0205),tensor(37.4981),tensor(100.8163),tensor(119.6348)
4,2023-12-25,S002_P0008,TimesFM,tensor(32.1272),tensor(82.7494),tensor(98.4023),tensor(34.6482),tensor(91.6327),tensor(106.7216)
4,2023-12-25,S002_P0009,TimesFM,tensor(37.6274),tensor(112.6224),tensor(130.9749),tensor(39.3428),tensor(117.7755),tensor(129.5916)
4,2023-12-25,S002_P0010,TimesFM,tensor(49.0027),tensor(118.2055),tensor(129.4952),tensor(48.2590),tensor(115.7347),tensor(128.9864)
4,2023-12-25,S002_P0011,TimesFM,tensor(42.9595),tensor(99.6956),tensor(124.1815),tensor(44.7302),tensor(105.5306),tensor(128.3267)
4,2023-12-25,S002_P0012,TimesFM,tensor(54.6043),tensor(125.2728),tensor(142.6836),tensor(64.9608),tensor(175.1837),tensor(208.2150)
4,2023-12-25,S002_P0013,TimesFM,tensor(26.1243),tensor(66.1425),tensor(75.7855),tensor(27.0474),tensor(68.3877),tensor(76.3578)
4,2023-12-25,S002_P0014,TimesFM,tensor(48.7338),tensor(106.5591),tensor(119.3818),tensor(47.2227),tensor(106.6939),tensor(139.2264)
4,2023-12-25,S002_P0015,TimesFM,tensor(55.5056),tensor(120.3410),tensor(141.8833),tensor(60.3532),tensor(127.7551),tensor(142.8646)
4,2023-12-25,S002_P0016,TimesFM,tensor(52.0799),tensor(136.1461),tensor(144.5863),tensor(41.1904),tensor(109.8571),tensor(161.0515)
4,2023-12-25,S002_P0017,TimesFM,tensor(55.2290),tensor(132.3925),tensor(158.8095),tensor(57.0212),tensor(134.7143),tensor(162.4522)
4,2023-12-25,S002_P0018,TimesFM,tensor(33.6154),tensor(102.0946),tensor(117.9113),tensor(33.2115),tensor(101.1429),tensor(122.2830)
4,2023-12-25,S002_P0019,TimesFM,tensor(49.4069),tensor(125.9548),tensor(139.1389),tensor(59.4856),tensor(148.8775),tensor(162.3041)
4,2023-12-25,S002_P0020,TimesFM,tensor(53.9514),tensor(146.8118),tensor(158.6380),tensor(65.5240),tensor(173.9592),tensor(192.8470)
4,2023-12-25,S003_P0001,TimesFM,tensor(37.0461),tensor(109.2810),tensor(119.1733),tensor(36.0612),tensor(106.5918),tensor(113.9209)
4,2023-12-25,S003_P0002,TimesFM,tensor(28.9768),tensor(103.9356),tensor(121.2585),tensor(29.1892),tensor(104.5714),tensor(121.7619)
4,2023-12-25,S003_P0003,TimesFM,tensor(52.4375),tensor(113.3806),tensor(123.6311),tensor(54.2729),tensor(114.9592),tensor(127.8343)
4,2023-12-25,S003_P0004,TimesFM,tensor(29.9701),tensor(64.6444),tensor(88.6828),tensor(29.0686),tensor(61.3469),tensor(81.7732)
4,2023-12-25,S003_P0005,TimesFM,tensor(58.4547),tensor(155.9842),tensor(167.8001),tensor(80.7829),tensor(206.0816),tensor(238.0796)
4,2023-12-25,S003_P0006,TimesFM,tensor(25.8796),tensor(77.3714),tensor(98.1161),tensor(39.0719),tensor(109.2653),tensor(136.9841)
4,2023-12-25,S003_P0007,TimesFM,tensor(45.3596),tensor(131.4459),tensor(136.3143),tensor(43.9727),tensor(127.8163),tensor(132.3032)
4,2023-12-25,S003_P0008,TimesFM,tensor(35.5798),tensor(79.7782),tensor(94.7557),tensor(35.8030),tensor(80.7755),tensor(99.6365)
4,2023-12-25,S003_P0009,TimesFM,tensor(30.4673),tensor(89.1560),tensor(100.1425),tensor(32.0531),tensor(93.8571),tensor(121.1062)
4,2023-12-25,S003_P0010,TimesFM,tensor(47.8547),tensor(99.0193),tensor(112.0878),tensor(40.1271),tensor(78.1020),tensor(96.3731)
4,2023-12-25,S003_P0011,TimesFM,tensor(30.5772),tensor(81.0673),tensor(98.5851),tensor(24.0956),tensor(65.5510),tensor(109.3857)
4,2023-12-25,S003_P0012,TimesFM,tensor(53.3042),tensor(119.7369),tensor(138.6953),tensor(57.1472),tensor(133.1633),tensor(150.6615)
4,2023-12-25,S003_P0013,TimesFM,tensor(48.2551),tensor(105.3949),tensor(129.1570),tensor(48.5064),tensor(105.1225),tensor(125.9398)
4,2023-12-25,S003_P0014,TimesFM,tensor(34.1780),tensor(99.7148),tensor(119.3397),tensor(28.2696),tensor(83.1020),tensor(114.0850)
4,2023-12-25,S003_P0015,TimesFM,tensor(34.7982),tensor(105.6624),tensor(130.8078),tensor(45.8311),tensor(134.1225),tensor(167.4684)
4,2023-12-25,S003_P0016,TimesFM,tensor(56.1005),tensor(118.6915),tensor(131.2563),tensor(55.8432),tensor(116.1020),tensor(125.5607)
4,2023-12-25,S003_P0017,TimesFM,tensor(37.3604),tensor(105.9642),tensor(121.7165),tensor(42.9666),tensor(120.7143),tensor(131.9778)
4,2023-12-25,S003_P0018,TimesFM,tensor(77.9766),tensor(140.3818),tensor(148.3191),tensor(79.9784),tensor(147.2857),tensor(154.8313)
4,2023-12-25,S003_P0019,TimesFM,tensor(38.5026),tensor(111.2366),tensor(132.6619),tensor(40.2227),tensor(115.8163),tensor(142.7906)
4,2023-12-25,S003_P0020,TimesFM,tensor(62.0320),tensor(136.0163),tensor(147.2243),tensor(51.5152),tensor(106.9184),tensor(131.3897)
4,2023-12-25,S004_P0001,TimesFM,tensor(58.8546),tensor(140.9770),tensor(155.9621),tensor(48.5712),tensor(118.5510),tensor(169.9125)
4,2023-12-25,S004_P0002,TimesFM,tensor(27.6853),tensor(83.5477),tensor(93.3500),tensor(19.6723),tensor(61.2245),tensor(79.8741)
4,2023-12-25,S004_P0003,TimesFM,tensor(43.3176),tensor(91.4773),tensor(117.9299),tensor(52.7337),tensor(132.0000),tensor(168.4462)
4,2023-12-25,S004_P0004,TimesFM,tensor(69.1210),tensor(134.3045),tensor(146.4001),tensor(69.8400),tensor(136.8367),tensor(149.5961)
4,2023-12-25,S004_P0005,TimesFM,tensor(44.6218),tensor(110.4010),tensor(130.8146),tensor(43.5496),tensor(107.0816),tensor(133.5613)
4,2023-12-25,S004_P0006,TimesFM,tensor(45.1696),tensor(108.8172),tensor(126.2348),tensor(57.6958),tensor(135.3469),tensor(153.5789)
4,2023-12-25,S004_P0007,TimesFM,tensor(32.2148),tensor(84.5658),tensor(107.1356),tensor(41.3187),tensor(113.8776),tensor(126.3788)
4,2023-12-25,S004_P0008,TimesFM,tensor(57.3940),tensor(141.0229),tensor(151.6629),tensor(57.8282),tensor(142.3061),tensor(152.8202)
4,2023-12-25,S004_P0009,TimesFM,tensor(48.2810),tensor(112.8519),tensor(132.3039),tensor(47.6112),tensor(110.8571),tensor(132.3567)
4,2023-12-25,S004_P0010,TimesFM,tensor(38.0631),tensor(78.8466),tensor(101.3330),tensor(42.4709),tensor(94.6327),tensor(121.3459)
4,2023-12-25,S004_P0011,TimesFM,tensor(50.3015),tensor(108.1601),tensor(121.4469),tensor(43.9811),tensor(94.2449),tensor(122.9991)
4,2023-12-25,S004_P0012,TimesFM,tensor(43.1414),tensor(112.0443),tensor(130.0277),tensor(44.8044),tensor(118.1837),tensor(139.6647)
4,2023-12-25,S004_P0013,TimesFM,tensor(45.3637),tensor(89.5541),tensor(107.8567),tensor(54.8622),tensor(122.3265),tensor(146.4533)
4,2023-12-25,S004_P0014,TimesFM,tensor(56.5486),tensor(127.6742),tensor(146.3115),tensor(56.6923),tensor(128.0612),tensor(146.1325)
4,2023-12-25,S004_P0015,TimesFM,tensor(20.3189),tensor(58.9792),tensor(68.2060),tensor(25.0573),tensor(71.3061),tensor(88.0714)
4,2023-12-25,S004_P0016,TimesFM,tensor(33.3903),tensor(89.1964),tensor(101.6000),tensor(35.2045),tensor(93.6327),tensor(104.7937)
4,2023-12-25,S004_P0017,TimesFM,tensor(35.3042),tensor(108.3621),tensor(122.3497),tensor(38.6656),tensor(117.5714),tensor(133.7231)
4,2023-12-25,S004_P0018,TimesFM,tensor(48.3319),tensor(94.1300),tensor(119.6830),tensor(53.6566),tensor(101.1837),tensor(112.0616)
4,2023-12-25,S004_P0019,TimesFM,tensor(43.4232),tensor(119.0676),tensor(130.9318),tensor(41.5385),tensor(114.3878),tensor(124.9187)
4,2023-12-25,S004_P0020,TimesFM,tensor(24.2529),tensor(66.7806),tensor(79.3022),tensor(38.9116),tensor(117.9592),tensor(129.1018)
4,2023-12-25,S005_P0001,TimesFM,tensor(54.3148),tensor(114.9478),tensor(133.1832),tensor(54.2123),tensor(115.1020),tensor(133.1378)
4,2023-12-25,S005_P0002,TimesFM,tensor(36.4464),tensor(95.7987),tensor(106.9553),tensor(35.7277),tensor(94.1837),tensor(106.5895)
4,2023-12-25,S005_P0003,TimesFM,tensor(40.0531),tensor(109.9054),tensor(133.8143),tensor(41.1716),tensor(113.2041),tensor(138.3172)
4,2023-12-25,S005_P0004,TimesFM,tensor(54.7162),tensor(123.8847),tensor(142.5091),tensor(44.7402),tensor(94.),tensor(117.6921)
4,2023-12-25,S005_P0005,TimesFM,tensor(69.7729),tensor(181.7952),tensor(183.7981),tensor(69.2883),tensor(181.1429),tensor(183.0847)
4,2023-12-25,S005_P0006,TimesFM,tensor(50.5884),tensor(124.7920),tensor(148.2675),tensor(48.1491),tensor(119.6531),tensor(148.2924)
4,2023-12-25,S005_P0007,TimesFM,tensor(53.2405),tensor(144.2205),tensor(156.6917),tensor(58.5689),tensor(156.4694),tensor(173.7025)
4,2023-12-25,S005_P0008,TimesFM,tensor(42.5774),tensor(106.2421),tensor(131.3364),tensor(43.7830),tensor(106.2653),tensor(137.0858)
4,2023-12-25,S005_P0009,TimesFM,tensor(34.7799),tensor(91.0623),tensor(96.9831),tensor(36.9132),tensor(97.1633),tensor(101.4856)
4,2023-12-25,S005_P0010,TimesFM,tensor(47.7320),tensor(108.8999),tensor(119.9248),tensor(42.1875),tensor(92.2857),tensor(106.6650)
4,2023-12-25,S005_P0011,TimesFM,tensor(45.2271),tensor(93.6744),tensor(121.4363),tensor(46.9709),tensor(100.3673),tensor(129.0586)
4,2023-12-25,S005_P0012,TimesFM,tensor(75.3785),tensor(148.1011),tensor(160.8642),tensor(53.0654),tensor(84.0204),tensor(90.3489)
4,2023-12-25,S005_P0013,TimesFM,tensor(30.5326),tensor(83.3360),tensor(110.2190),tensor(31.6627),tensor(86.0816),tensor(114.8843)
4,2023-12-25,S005_P0014,TimesFM,tensor(34.3286),tensor(103.6155),tensor(129.2496),tensor(36.2209),tensor(109.3878),tensor(126.2141)
4,2023-12-25,S005_P0015,TimesFM,tensor(59.7140),tensor(136.4029),tensor(155.5179),tensor(59.6959),tensor(136.8163),tensor(155.5264)
4,2023-12-25,S005_P0016,TimesFM,tensor(54.7737),tensor(147.0949),tensor(164.9270),tensor(55.2318),tensor(148.0612),tensor(165.7870)
4,2023-12-25,S005_P0017,TimesFM,tensor(29.2077),tensor(82.1012),tensor(90.7257),tensor(31.4099),tensor(88.2041),tensor(96.5182)
4,2023-12-25,S005_P0018,TimesFM,tensor(59.4541),tensor(126.8488),tensor(136.4309),tensor(60.1096),tensor(129.),tensor(138.2281)
4,2023-12-25,S005_P0019,TimesFM,tensor(36.9559),tensor(104.7635),tensor(116.9175),tensor(36.2084),tensor(102.3265),tensor(115.2993)
4,2023-12-25,S005_P0020,TimesFM,tensor(40.8119),tensor(91.4620),tensor(116.2477),tensor(49.2027),tensor(122.7143),tensor(147.2204)
